,diameter,average_shortest_path_length,average_clustering_coefficient,average_degree,n_nodes,n_edges,avg_degree_centrality
0,4,2.66233037414702,0.05584997895072154,15.872382851445662,1003,7960,0.015840701448548565
1,6,3.5240850332264357,0.42883401154258993,14.0,1044,7308,0.013422818791946307
2,5,3.2508068234209313,0.41281349243031784,16.0,964,7712,0.016614745586708203
3,4,2.6883460624711004,0.050638099124706626,15.87958607714017,1063,8440,0.01495252926284385
4,4,2.745477105096599,0.04760204114476157,13.899897854954034,979,6804,0.014212574493818032
5,5,3.4868498527968597,0.4236018964695433,14.0,1020,7140,0.013738959764474977
6,5,3.435529132835191,0.42011600133949967,14.0,947,6629,0.014799154334038056
7,6,3.464743379546438,0.4273217956195917,14.0,957,6699,0.014644351464435145
8,5,3.3059580217664912,0.42508376983452867,16.0,1040,8320,0.015399422521655439
9,4,2.7431894723842656,0.04848069649385985,13.899795501022496,978,6797,0.014227016889480547
10,5,3.4380668245086903,0.412187426860468,14.0,971,6797,0.01443298969072165
11,5,3.4078709337536273,0.4026007834195383,14.0,959,6713,0.014613778705636743
12,4,2.726556490731972,0.05200573425000114,13.896733403582719,949,6594,0.014659001480572486
13,4,2.725603988421629,0.04874368651159326,13.89336235038085,919,6384,0.015134381645295047
14,5,3.3270848627831113,0.3713501810208041,14.0,918,6426,0.015267175572519087
15,4,2.740773514559441,0.0502206935690095,13.902874132804758,1009,7014,0.013792533861909482
16,4,2.7117780730641092,0.053444951440407666,13.892543859649123,912,6335,0.015249773720800355
17,5,3.284076725559882,0.4006894639318917,16.0,1085,8680,0.014760147601476014
18,5,3.265428564467401,0.41029359044333846,16.0,993,7944,0.016129032258064516
19,5,3.380215895461145,0.3659291654690818,14.0,1023,7161,0.0136986301369863
20,5,3.441494579383571,0.4135809439586054,14.0,970,6790,0.014447884416924664
21,4,2.7528885179840548,0.04853606283274287,13.903732809430256,1018,7077,0.013671320363254922
22,5,3.3776108507235056,0.3973659923882449,14.0,928,6496,0.015102481121898598
23,5,3.3197961917400067,0.42845024736645726,16.0,1058,8464,0.015137180700094607
24,5,3.326522260157822,0.3600218455422393,14.0,941,6587,0.014893617021276595
25,5,3.269188797264645,0.39983371399921125,16.0,1043,8344,0.015355086372360847
26,5,3.42093494855978,0.4057475976869824,14.0,971,6797,0.014432989690721652
27,4,2.8179701566161057,0.044394284250542856,11.920088790233075,901,5370,0.01324454310025897
28,6,3.600330496978666,0.3928840781569785,12.0,901,5406,0.013333333333333334
29,6,3.6050410008036584,0.3987969623170931,12.0,919,5514,0.013071895424836602
30,4,2.7326963272618694,0.051737844264724345,13.900608519269777,986,6853,0.014112292912964243
31,4,2.7655490489808887,0.044352648312960125,13.906666666666666,1050,7301,0.013257070225611692
32,5,3.2480799302793266,0.38092535911753694,16.0,1062,8496,0.01508011310084826
33,4,2.6920514941168987,0.051236644434614086,15.881371640407785,1079,8568,0.01473225569611112
34,5,3.362308055363474,0.37874862871645393,14.0,955,6685,0.014675052410901468
35,4,2.717201495461523,0.05356095116805607,13.894849785407725,932,6475,0.014924650682500241
36,5,3.2842253393254346,0.4045082342453553,16.0,1050,8400,0.015252621544327931
37,4,2.734761966701353,0.04939706338136559,13.898022892819979,961,6678,0.014477107180020812
38,5,3.3361502047423546,0.43077104928568044,16.0,1062,8496,0.01508011310084826
39,4,2.692995626110205,0.04848746955108893,15.87832699619772,1052,8352,0.015107827779445974
40,5,3.2222481989941554,0.37177219426256913,16.0,1051,8408,0.01523809523809524
41,4,2.7194170935230844,0.052522037464461054,13.895522388059701,938,6517,0.014829799773809712
42,4,2.6788367111321305,0.05515515357151555,15.880708294501398,1073,8520,0.014814093558303541
43,5,3.2853221891206004,0.4166030241261979,16.0,1008,8064,0.015888778550148957
44,4,2.6299070980654458,0.0524206672112313,17.849860982391103,1079,9630,0.01655831259962069
45,5,3.356193301198863,0.39317593179667426,14.0,900,6300,0.015572858731924362
46,5,3.301046533578744,0.4274559024550589,16.0,1009,8072,0.015873015873015872
47,5,3.2618192566319366,0.39708158982902286,16.0,1041,8328,0.015384615384615384
48,4,2.7444816943591537,0.04865015087152822,13.902390438247012,1004,6979,0.013860808014204397
49,4,2.8135916873234565,0.045874370725164836,11.921139101861993,913,5442,0.013071424453796044
50,4,2.7323919777511474,0.051147423353629894,13.89585547290117,941,6538,0.014782824971171454
51,5,3.4164924545103883,0.4195516429578235,14.0,917,6419,0.015283842794759828
52,4,2.7241923195166615,0.04935745857241919,13.896624472573839,948,6587,0.014674365863330346
53,5,3.2079233542159393,0.38217643332022416,16.0,999,7992,0.01603206412825651
54,4,2.743689052100267,0.04981604154989,13.898234683281412,963,6692,0.014447229400500429
55,5,3.4572384420505924,0.4247753161189159,14.0,973,6811,0.014403292181069961
56,5,3.3521442922493963,0.37238531736631536,14.0,958,6706,0.014629049111807733
57,4,2.7349185545777943,0.04743894496660094,13.900101936799185,981,6818,0.014183777486529782
58,5,3.4115910233557294,0.40665779300399685,14.0,936,6552,0.014973262032085566
59,5,3.439770915300933,0.39931311180161455,14.0,1030,7210,0.013605442176870748
60,4,2.748658802057475,0.047298915683238844,13.901803607214429,998,6937,0.013943634510746669
61,5,3.3815114648028044,0.38556722451244335,14.0,958,6706,0.014629049111807733
62,4,2.7177153590438308,0.05305847249471181,13.892661555312158,913,6342,0.015233181529947543
63,5,3.2169545695010995,0.3989731764989686,16.0,957,7656,0.016736401673640166
64,5,3.2760206653225805,0.40736973255589876,16.0,1024,8192,0.015640273704789827
65,5,3.454893106893107,0.4156188554679385,14.0,1001,7007,0.014000000000000004
66,5,3.434897234720872,0.4191628369130403,14.0,941,6587,0.014893617021276593
67,4,2.73343135785269,0.046952020927393166,13.897166841552991,953,6622,0.014597864329362385
68,4,2.73504850805916,0.05057489439939336,13.896076352067869,943,6552,0.0147516734098385
69,4,2.7262639073038564,0.0485122098516915,13.892661555312158,913,6342,0.015233181529947543
70,5,3.338182869744034,0.4275129519217853,16.0,1088,8704,0.01471941122355106
71,4,2.6757267341226276,0.05131506204791522,15.872763419483102,1006,7984,0.015793794447246868
72,4,2.727028958843507,0.052072788639549034,13.899280575539569,973,6762,0.014299671374011903
73,4,2.7347673859301764,0.04908434977586412,13.896405919661733,946,6573,0.014705191449377498
74,5,3.345444354766389,0.3734064066335921,14.0,945,6615,0.01483050847457627
75,4,2.6666062444361196,0.050890755581577636,15.871614844533601,997,7912,0.01593535626961205
76,4,2.7140310687951894,0.05039993901351831,13.893013100436681,916,6363,0.015183620874794187
77,5,3.3767108790045794,0.37498721966458903,14.0,1006,7042,0.013930348258706465
78,4,2.728870351918312,0.054162873592241784,13.897166841552991,953,6622,0.014597864329362383
79,6,3.5495933753553333,0.37860035117388113,12.0,900,5400,0.013348164627363737
80,5,3.233144512273369,0.3798357477966265,16.0,1045,8360,0.015325670498084294
81,4,2.679634174806725,0.05085074693405309,15.8796992481203,1064,8448,0.014938569377347412
82,4,2.677237124067095,0.05413021083666449,15.87704130643612,1041,8264,0.015266385871573194
83,5,3.414726968351075,0.4059895699358183,14.0,954,6678,0.014690451206715636
84,5,3.3871943852438497,0.3917717635865248,14.0,959,6713,0.014613778705636743
85,4,2.7367910633766117,0.047203689084105,13.895744680851063,940,6531,0.014798450139351507
86,5,3.399773510011091,0.41044474299369016,14.0,926,6482,0.015135135135135137
87,4,2.67183016983017,0.053815406446909506,15.872127872127873,1001,7944,0.015872127872127877
88,4,2.6932541968228527,0.04988562117926431,15.88310502283105,1095,8696,0.014518377534580485
89,4,2.683641150096664,0.0507516207885797,15.879017013232515,1058,8400,0.01502272186682357
90,4,2.661838930445956,0.05601964933420488,15.871614844533601,997,7912,0.01593535626961205
91,5,3.2898271092399596,0.4189467498140509,16.0,1013,8104,0.0158102766798419
92,4,2.758424159604442,0.04574721366299846,13.906130268199234,1044,7259,0.013332819049088432
93,4,2.685078776645042,0.05141383141953174,15.881481481481481,1080,8576,0.01471870387533038
94,5,3.32827753662958,0.3733161224406994,14.0,918,6426,0.015267175572519087
95,5,3.445643361911253,0.42833350350758836,14.0,915,6405,0.015317286652078774
96,4,2.6872197657681913,0.049873618326513554,15.881151346332405,1077,8552,0.014759434336740155
97,5,3.107697371270192,0.38463443548847415,18.0,1075,9675,0.01675977653631285
98,5,3.262824314998228,0.39851116257297065,16.0,1036,8288,0.015458937198067634
99,4,2.678715710532747,0.05255803913497209,15.875,1024,8128,0.01551808406647116
100,4,2.6592970276885515,0.05742509460771303,15.870314083080041,987,7832,0.016095653228275903
101,5,3.3522892157196673,0.3758658052117925,14.0,939,6573,0.014925373134328354
102,4,2.660143309991948,0.0564079547304161,15.870837537840565,991,7864,0.01603114902812178
103,5,3.1087920606298534,0.37965815745279663,18.0,1097,9873,0.016423357664233577
104,4,2.6720984802654493,0.057597346879136084,15.877511961722488,1045,8296,0.015208344790921922
105,5,3.2874903716245316,0.3551086965575242,14.0,902,6314,0.015538290788013321
106,4,2.746670770136034,0.04952238602201026,13.903638151425762,1017,7070,0.013684683219907245
107,5,3.3113240585733803,0.4249274519550884,16.0,1020,8160,0.015701668302257114
108,5,3.420422406660645,0.4144972749360004,14.0,919,6433,0.01525054466230937
109,5,3.4117436904515386,0.41339213110594414,14.0,938,6566,0.014941302027748135
110,5,3.332718233464925,0.37521429485820745,14.0,917,6419,0.015283842794759828
111,5,3.315844131097561,0.436273915484367,16.0,1025,8200,0.015625
112,4,2.689108571036282,0.04931361925115104,15.881481481481481,1080,8576,0.01471870387533038
113,4,2.731322721978814,0.04829580919589897,13.896842105263158,950,6601,0.014643669236315233
114,5,3.3207319120362597,0.42701707196123373,16.0,1036,8288,0.015458937198067634
115,6,3.4723335067637877,0.430039236538288,14.0,961,6727,0.014583333333333334
116,4,2.731548441000604,0.053549073126688,13.897703549060543,958,6657,0.014522156268610809
117,4,2.7379120125565732,0.048765780465428114,13.897810218978103,959,6664,0.01450710878807735
118,5,3.425443561857392,0.41569096286592677,14.0,929,6503,0.015086206896551725
119,4,2.7435978882341345,0.04701657854047143,13.897489539748953,956,6643,0.014552345067799953
120,4,2.679734693338266,0.05290043079710951,15.879924953095685,1066,8464,0.014910727655488905
121,5,3.376342868375396,0.38709816605616937,14.0,968,6776,0.01447776628748707
122,4,2.686791880931477,0.05145022286381275,15.880597014925373,1072,8512,0.014827821675934055
123,4,2.6915150580738,0.05027517239640069,15.88159111933395,1081,8584,0.014705176962346252
124,5,3.098538681109314,0.37980623344433617,18.0,1078,9702,0.016713091922005572
125,4,2.675422045768204,0.05520005596150806,15.87958607714017,1063,8440,0.01495252926284385
126,4,2.720152384354517,0.051604735313673544,13.89382448537378,923,6412,0.015069223953767658
127,5,3.472329049073235,0.4312078042291289,14.0,946,6622,0.014814814814814814
128,4,2.6319827048685998,0.052338813175321665,17.850553505535057,1084,9675,0.016482505545277058
129,6,3.59627751382651,0.38808304094506807,12.0,929,5574,0.01293103448275862
130,4,2.6806541000388293,0.050960865491214404,15.87981220657277,1065,8456,0.014924635532493204
131,4,2.6773852527163786,0.05388892648418945,15.878902554399243,1057,8392,0.015036839540150799
132,5,3.3621170711361366,0.3753621387482604,14.0,955,6685,0.014675052410901468
133,4,2.6961891431009892,0.04761489700118299,15.883424408014571,1098,8720,0.014478964820432611
134,4,2.7310744509203464,0.0502291924056036,13.89738219895288,955,6636,0.014567486581711614
135,5,3.434027414460605,0.399935006258005,14.0,1007,7049,0.013916500994035784
136,4,2.6899358949148544,0.04935007504646237,15.881700554528651,1082,8592,0.014691674888555642
137,4,2.665067288745151,0.05335357300078428,15.865546218487395,952,7552,0.016683013899566137
138,5,3.306187465955678,0.41850468622833903,16.0,1057,8456,0.015151515151515152
139,5,3.4035731835731835,0.41037966131155007,14.0,925,6475,0.015151515151515152
140,4,2.670273164403167,0.05294032038807467,15.870182555780932,986,7824,0.01611186046272176
141,5,3.3242112487861153,0.37722044757725254,14.0,907,6349,0.01545253863134658
142,4,2.6922429312718417,0.04730614726440098,15.87981220657277,1065,8456,0.014924635532493204
143,4,2.6907849505284758,0.049616164893065785,15.880037488284911,1067,8472,0.014896845673813238
144,5,3.283848963693972,0.4215048942868892,16.0,996,7968,0.016080402010050256
145,5,3.357480150240099,0.3576980397990941,14.0,1026,7182,0.013658536585365859
146,4,2.714835368109508,0.05363455330484473,13.891231964483907,901,6258,0.015434702182759896
147,4,2.685372585096596,0.051611314043107925,15.882352941176471,1088,8640,0.014611180258672005
148,4,2.735463722886094,0.05000045297008483,13.899795501022496,978,6797,0.014227016889480547
149,5,3.464215903463734,0.41092666930244726,14.0,1037,7259,0.013513513513513514
150,5,3.26126870625324,0.4010951222614697,16.0,1023,8184,0.015655577299412915
151,5,3.4554937584970955,0.4358289092896943,14.0,900,6300,0.01557285873192436
152,4,2.689512935526256,0.04695483957837056,15.878211227402474,1051,8344,0.015122105930859499
153,4,2.729965504657904,0.04994303731364333,13.89507494646681,934,6489,0.014892899192354564
154,4,2.680063722595274,0.05283146683920318,15.877862595419847,1048,8320,0.01516510276544398
155,5,3.1314818061155494,0.3927930242564528,18.0,1095,9855,0.016453382084095067
156,4,2.6786524231328523,0.050521966816565136,15.871614844533601,997,7912,0.01593535626961205
157,5,3.3385140162884315,0.37354012791327534,14.0,938,6566,0.014941302027748135
158,5,3.115085188617031,0.38519118869237956,18.0,1095,9855,0.016453382084095063
159,4,2.7333093713094203,0.04851028845967802,13.896515311510031,947,6580,0.014689762485739992
160,4,2.683047529473523,0.05111865461468653,15.877862595419847,1048,8320,0.015165102765443982
161,4,2.6921855791330374,0.05020419371107329,15.879245283018868,1060,8416,0.014994565895201956
162,4,2.7355727155727156,0.04968618664233452,13.894054054054054,925,6426,0.015036855036855036
163,4,2.7186803806522115,0.05300769180490258,13.893939393939394,924,6419,0.015053022095275616
164,5,3.3742850080336177,0.403344736236893,14.0,900,6300,0.01557285873192436
165,4,2.6667182057875722,0.05758696839997936,15.870967741935484,992,7872,0.016015103675010578
166,5,3.4533038021410114,0.42348496107135997,14.0,946,6622,0.014814814814814814
167,4,2.629885353379329,0.05501268754939964,17.85,1080,9639,0.016543095458758112
168,5,3.1996831249639914,0.36995699329590126,16.0,1021,8168,0.01568627450980392
169,5,3.236149504419756,0.3757208847971754,16.0,1069,8552,0.014981273408239699
170,4,2.737432186596498,0.04590519398122657,13.901309164149044,993,6902,0.014013416496117984
171,4,2.6752716873212585,0.05422487452498842,15.878095238095238,1050,8336,0.015136411094466383
172,5,3.2575959894112962,0.38880437862562645,16.0,1054,8432,0.015194681861348529
173,5,3.2602500817230693,0.39634306028027116,16.0,1047,8376,0.015296367112810707
174,5,3.3069207787517647,0.36012831997136,14.0,924,6468,0.015167930660888406
175,4,2.7529134606634784,0.047152301711892296,13.901507537688442,995,6916,0.013985420058036662
176,5,3.241536944958998,0.38050505332640494,16.0,1053,8424,0.015209125475285173
177,5,3.4437628912205183,0.42375860090170386,14.0,945,6615,0.01483050847457627
178,5,3.271247286181696,0.4181567191762672,16.0,991,7928,0.016161616161616165
179,4,2.7276835519609506,0.05402632060785549,13.899795501022496,978,6797,0.014227016889480545
180,5,3.2272778937557542,0.38313314421661476,16.0,1028,8224,0.01557935735150925
181,6,3.6100638538388683,0.3924363145971072,12.0,923,5538,0.013015184381778741
182,4,2.660106013208203,0.05363012328701807,15.866666666666667,960,7616,0.016545012165450124
183,5,3.3025529241213243,0.40902238741187186,16.0,1068,8544,0.014995313964386131
184,4,2.751207131360654,0.048135273666075694,13.900507614213199,985,6846,0.014126532128265448
185,5,3.4139462652439025,0.39025132872614604,14.0,1025,7175,0.013671875
186,5,3.169452323516157,0.3668105615485668,16.0,952,7616,0.016824395373291272
187,5,3.3542745791131354,0.37460461418270585,14.0,940,6580,0.014909478168264111
188,4,2.728984881209503,0.04833727339847521,13.894168466522679,926,6433,0.015020722666511005
189,5,3.2694007606126014,0.4035391348205992,16.0,1035,8280,0.01547388781431335
190,4,2.7023561923469486,0.05898175543798294,13.892543859649123,912,6335,0.015249773720800355
191,4,2.6788527776174256,0.0514273231083135,15.874509803921569,1020,8096,0.015578517962631568
192,5,3.2783497970676034,0.4129056607149057,16.0,1031,8248,0.015533980582524273
193,4,2.672976530936493,0.055016925444463176,15.878095238095238,1050,8336,0.015136411094466385
194,5,3.2861088522870814,0.40707679833277716,16.0,1063,8504,0.015065913370998114
195,4,2.673902444363516,0.05218677935398245,15.872382851445662,1003,7960,0.015840701448548565
196,4,2.679688275309375,0.051461545261925756,15.876208897485494,1034,8208,0.015369030878495154
197,4,2.6629208835752274,0.05250056656831621,15.86652763295099,959,7608,0.016562137403915437
198,5,3.118986256532009,0.3935400959040391,18.0,1074,9666,0.016775396085740912
199,5,3.352969703029697,0.4314611933041458,16.0,1096,8768,0.014611872146118723
200,4,2.6763653263317617,0.05133931416613665,15.872509960159363,1004,7968,0.015825034855592585
201,4,2.7316336029207315,0.04883724215352865,13.892307692307693,910,6321,0.015283066768215283
202,4,2.7352757380037414,0.05017212634392479,13.90020366598778,982,6825,0.014169422697235253
203,4,2.74945215984417,0.0435540344307047,13.895522388059701,938,6517,0.014829799773809714
204,5,3.3290680466657587,0.4306711777010318,16.0,1050,8400,0.015252621544327931
205,5,3.297136159898821,0.41836229743507547,16.0,1039,8312,0.015414258188824664
206,5,3.4149065445164006,0.40181455925990356,14.0,975,6825,0.014373716632443533
207,5,3.291288891500426,0.42462012815500644,16.0,1011,8088,0.015841584158415845
208,4,2.6928299583512856,0.047123465445186086,15.878787878787879,1056,8384,0.015050983771362918
209,5,3.2688570998132596,0.39534854877432213,16.0,1069,8552,0.014981273408239702
210,5,3.2806254434646624,0.41576608711877716,16.0,998,7984,0.0160481444332999
211,4,2.6693934161736816,0.054784560295494555,15.875728155339806,1030,8176,0.015428307245228189
212,5,3.4371254787114216,0.41679189843887077,14.0,966,6762,0.014507772020725387
213,5,3.2795856878062692,0.4117316818947078,16.0,1033,8264,0.015503875968992248
214,5,3.366707741799643,0.4430906559053196,16.0,1077,8616,0.01486988847583643
215,4,2.698956798372893,0.0471319604367117,15.882998171846435,1094,8688,0.014531562828770755
216,5,3.4555556465247275,0.41162764938422597,14.0,989,6923,0.01417004048582996
217,4,2.695139959571042,0.048271079170292795,15.88159111933395,1081,8584,0.014705176962346252
218,4,2.7421751451163217,0.04477153979067838,13.895299145299145,936,6503,0.014861282508341333
219,5,3.313980040988252,0.42271776070698774,16.0,1038,8304,0.015429122468659595
220,4,2.6777229135634504,0.05080516288757936,15.873517786561266,1012,8032,0.015700808888784633
221,5,3.368138907088323,0.38311005580777313,14.0,943,6601,0.014861995753715497
222,5,3.279948755166222,0.39224552277286684,16.0,1084,8672,0.014773776546629732
223,4,2.6766717203582155,0.051264418745193725,15.875848690591658,1031,8184,0.015413445330671514
224,4,2.6666590298142716,0.05452785967023645,15.875,1024,8128,0.015518084066471158
225,4,2.7381588281043014,0.05040192486788284,13.898760330578513,968,6727,0.014373071696565164
226,5,3.1950532406775163,0.36912365288880805,16.0,1013,8104,0.0158102766798419
227,4,2.6938276869430053,0.047592293861522715,15.881371640407785,1079,8568,0.014732255696111118
228,5,3.4064893321841705,0.41521830829967815,14.0,903,6321,0.015521064301552107
229,4,2.7377148409499994,0.049458474575615856,13.895522388059701,938,6517,0.014829799773809714
230,5,3.3741695025117484,0.3788496688301634,14.0,969,6783,0.014462809917355374
231,5,3.2493269386871586,0.37889904736178703,16.0,1088,8704,0.01471941122355106
232,5,3.3718974952041885,0.3813609608281133,14.0,974,6818,0.01438848920863309
233,5,3.188843470967331,0.3736153022914144,16.0,971,7768,0.016494845360824743
234,4,2.7498969024926687,0.04547170252485115,13.904296875,1024,7119,0.013591688049853369
235,5,3.2841793616748243,0.40681047500814305,16.0,1045,8360,0.015325670498084294
236,4,2.6838249725798073,0.04979700008111921,15.874509803921569,1020,8096,0.015578517962631567
237,4,2.6815501050446757,0.05078282569478174,15.873767258382642,1014,8048,0.015670056523576153
238,5,3.290454505391192,0.41875601817196323,16.0,1011,8088,0.01584158415841585
239,5,3.457723579085818,0.4296809543550186,14.0,938,6566,0.014941302027748134
240,5,3.2141892281937308,0.38202496435149896,16.0,1020,8160,0.015701668302257114
241,4,2.682841338729175,0.05163521898689899,15.874386653581944,1019,8088,0.015593700052634522
242,5,3.45146569742898,0.4139048429373034,14.0,986,6902,0.014213197969543147
243,4,2.6906175538922996,0.04996362747557138,15.87632850241546,1035,8216,0.015354282884347639
244,5,3.419813557322005,0.40597633116213805,14.0,966,6762,0.014507772020725387
245,4,2.7095838048657286,0.05323163743095922,13.892070484581497,908,6307,0.015316505495679712
246,4,2.7356822415778543,0.050456166103669764,13.896733403582719,949,6594,0.014659001480572486
247,5,3.3182597108146132,0.3685702790727144,14.0,914,6398,0.01533406352683461
248,5,3.2263490334490976,0.37211863470149004,16.0,1064,8512,0.015051740357478832
249,6,3.6010590945826952,0.3928298597795599,12.0,911,5466,0.013186813186813187
250,4,2.6495302177743385,0.05857657947939191,15.866248693834901,957,7592,0.016596494449618096
251,5,3.3132106194977746,0.4343211458288162,16.0,993,7944,0.016129032258064516
252,5,3.232813818626654,0.386994644831846,16.0,1017,8136,0.015748031496062992
253,5,3.2105040059962597,0.3650697265051352,16.0,1049,8392,0.015267175572519083
254,4,2.7492302442203247,0.047549495567130694,13.903827281648676,1019,7084,0.01365798357725803
255,5,3.459499718109255,0.4144651034433088,14.0,1006,7042,0.013930348258706465
256,4,2.6962581720727137,0.05938577378876525,13.892189218921892,909,6314,0.015299767862248782
257,4,2.6882170234047145,0.050895200726453635,15.882998171846435,1094,8688,0.014531562828770755
258,4,2.6809882313784086,0.05268660954504615,15.87832699619772,1052,8352,0.015107827779445974
259,4,2.719115296473896,0.05278661178235368,13.892543859649123,912,6335,0.015249773720800355
260,4,2.6929069503338083,0.04776021095423355,15.879017013232515,1058,8400,0.01502272186682357
261,4,2.7341586476862036,0.052922405613664465,13.897058823529411,952,6615,0.014613100760809057
262,4,2.723858141239993,0.05523907023501452,13.89917695473251,972,6755,0.01431429140549177
263,5,3.44366608551863,0.42081405453960496,14.0,944,6608,0.014846235418875928
264,4,2.6683933904813624,0.05408310568450797,15.874015748031496,1016,8064,0.01563942438229704
265,4,2.6850807304519497,0.05128809733090382,15.882783882783883,1092,8672,0.01455800539210255
266,4,2.725708522577283,0.05130750041208009,13.895966029723992,942,6545,0.014767232762724748
267,4,2.6943560976016965,0.049369069207418764,15.88310502283105,1095,8696,0.014518377534580483
268,5,3.3107714849025007,0.41226013393686445,16.0,1089,8712,0.014705882352941175
269,4,2.7359525485237848,0.05039702002480535,13.90020366598778,982,6825,0.01416942269723525
270,5,3.2499680718504176,0.38467955341222826,16.0,1077,8616,0.01486988847583643
271,5,3.3108124458234096,0.40836852650237787,16.0,1099,8792,0.014571948998178506
272,4,2.7433954694154683,0.04796807887991506,13.897166841552991,953,6622,0.014597864329362383
273,5,3.4246398801813824,0.4063429460127515,14.0,959,6713,0.014613778705636741
274,5,3.3759599536563183,0.38424954550877183,14.0,974,6818,0.01438848920863309
275,4,2.73159908964921,0.051334409056683336,13.89917695473251,972,6755,0.01431429140549177
276,5,3.313355683284681,0.36282336019853373,14.0,917,6419,0.015283842794759826
277,4,2.7277400529934885,0.049532580066239486,13.898550724637682,966,6713,0.014402643237966507
278,4,2.73193409856056,0.0507038723820397,13.897058823529411,952,6615,0.014613100760809055
279,4,2.6630072479185283,0.055453011762458905,15.87122736418511,994,7888,0.015983109128081686
280,5,3.409567446415297,0.38076582220083977,14.0,1034,7238,0.01355275895450145
281,4,2.693006479434759,0.04732836140671015,15.87832699619772,1052,8352,0.015107827779445972
282,5,3.226837128126774,0.3936902286857946,16.0,974,7792,0.016443987667009247
283,5,3.418851111456219,0.3816361489391862,14.0,1059,7413,0.013232514177693762
284,5,3.3189529912661846,0.4206462770854717,16.0,1070,8560,0.014967259120673527
285,5,3.4754430525890436,0.4174588255657276,14.0,1020,7140,0.013738959764474977
286,4,2.7437858424126746,0.0451165730371466,13.897058823529411,952,6615,0.014613100760809057
287,5,3.250429464788134,0.4077777936116484,16.0,971,7768,0.016494845360824743
288,4,2.7218979264654357,0.05542661767481184,13.899073120494336,971,6748,0.014328941361334366
289,4,2.6793125786629157,0.05118267981908039,15.876923076923077,1040,8256,0.015280965425335016
290,4,2.692036517626354,0.046552316643105815,15.877511961722488,1045,8296,0.01520834479092192
291,5,3.2769486024494427,0.4035789217677023,16.0,1049,8392,0.015267175572519083
292,4,2.7227656898726806,0.056282024411728,13.902681231380338,1007,7000,0.01381976265544765
293,4,2.7415285165360674,0.048181014287439,13.899692937563971,977,6790,0.014241488665536857
294,4,2.673175583991523,0.05642577662768496,15.878557874762809,1054,8368,0.015079352207751955
295,4,2.8216278209396966,0.04390545051651183,11.920088790233075,901,5370,0.01324454310025897
296,5,3.4078616413941445,0.40026836271495875,14.0,958,6706,0.014629049111807737
297,5,3.3989319689376307,0.4052699149881712,14.0,927,6489,0.015118790496760261
298,4,2.7418756203875536,0.0489004122433755,13.900709219858156,987,6860,0.014098082373081293
299,4,2.667548831232654,0.053298578850722506,15.871614844533601,997,7912,0.01593535626961205
300,4,2.732992050288934,0.04963571381446908,13.898655635987591,967,6720,0.014387842273279081
301,5,3.32685296798283,0.37578709707440977,14.0,904,6328,0.015503875968992248
302,5,3.39030293942818,0.36795524501433174,14.0,1059,7413,0.013232514177693763
303,4,2.7157513446269803,0.05427575269103882,13.891832229580574,906,6293,0.015350090861415
304,4,2.7335177969933433,0.051435248118083775,13.898128898128897,962,6685,0.014462152859655464
305,5,3.4499089719780067,0.3961988827541082,14.0,1046,7322,0.013397129186602871
306,5,3.265987987987988,0.4132926844827,16.0,1000,8000,0.016016016016016016
307,5,3.272570392854171,0.3992147013116954,16.0,1052,8416,0.015223596574690773
308,5,3.1936612315946147,0.43025901986406295,18.0,1091,9819,0.01651376146788991
309,4,2.7508300686552114,0.0476875039996355,13.903543307086615,1016,7063,0.013698072223730654
310,4,2.6774519419740432,0.05347781350264366,15.877394636015326,1044,8288,0.015222813649103857
311,5,3.2772219769372106,0.41165189312840866,16.0,1019,8152,0.015717092337917484
312,5,3.4018769684212438,0.4008477276786067,14.0,939,6573,0.014925373134328354
313,4,2.683372353744191,0.049457166438357916,15.8796992481203,1064,8448,0.014938569377347414
314,5,3.3165183481651836,0.4117842876075037,16.0,1096,8768,0.014611872146118723
315,4,2.740683506000023,0.04656147982242988,13.894736842105264,931,6468,0.014940577249575553
316,4,2.744898938832205,0.048911729027619685,13.901010101010101,990,6881,0.01405562194237624
317,5,3.448159355994947,0.4089891134491093,14.0,1011,7077,0.013861386138613865
318,4,2.6783242886266403,0.05081145921091247,15.870445344129555,988,7840,0.016079478565480806
319,5,3.2035103974853683,0.3739020391774034,16.0,1012,8096,0.015825914935707223
320,4,2.6791411311121407,0.05347715507915319,15.880373831775701,1070,8496,0.01485535437958438
321,5,3.1761524988521774,0.41752246321895514,18.0,1085,9765,0.016605166051660517
322,5,3.3429896739692433,0.3602383624887453,14.0,974,6818,0.01438848920863309
323,4,2.7168457150138923,0.05305586357250764,13.895522388059701,938,6517,0.014829799773809714
324,5,3.3015352414057317,0.4206184664095106,16.0,1035,8280,0.015473887814313346
325,4,2.753296493902439,0.04894191895166179,13.904390243902439,1025,7126,0.013578506097560976
326,4,2.722387557797394,0.05400596320550675,13.899590163934427,976,6783,0.014255989911727614
327,4,2.6898059738237663,0.04865213230310898,15.883318140382862,1097,8712,0.014492078595239839
328,5,3.2587253832335987,0.39159092691217884,16.0,1044,8352,0.015340364333652925
329,4,2.691250742721331,0.0508617858176458,15.882460973370064,1089,8648,0.014597850159347486
330,5,3.339553293751767,0.3788830978616289,14.0,918,6426,0.015267175572519085
331,5,3.220629324977151,0.37603087966168025,16.0,1036,8288,0.015458937198067634
332,4,2.7647895036700647,0.044756124808001244,13.90595009596929,1042,7245,0.013358261379413344
333,4,2.6789894715757585,0.05181643457725139,15.879017013232515,1058,8400,0.01502272186682357
334,5,3.439565321943455,0.42298571289217146,14.0,935,6545,0.014989293361884369
335,4,2.6776796058233185,0.05017076514800486,15.872255489021956,1002,7952,0.015856399089932024
336,4,2.6931417979610752,0.049252503335327644,15.881481481481481,1080,8576,0.014718703875330382
337,4,2.714332247557003,0.057311032689846476,13.893593919652552,921,6398,0.015101732521361468
338,4,2.696557985057786,0.04872082299013508,15.88126159554731,1078,8560,0.014745832493544393
339,4,2.719257213234327,0.05115555146740564,13.892896174863388,915,6356,0.015200105224139374
340,4,2.721803017306136,0.05030356310756657,13.892189218921892,909,6314,0.015299767862248782
341,5,3.09497726386904,0.3775719880116823,18.0,1075,9675,0.016759776536312852
342,5,3.3347293533340046,0.3653898021835534,14.0,946,6622,0.014814814814814814
343,4,2.6791276753326088,0.053114962068554206,15.878557874762809,1054,8368,0.015079352207751955
344,4,2.723420961274554,0.04997543154948595,13.89428263214671,927,6440,0.01500462487272863
345,5,3.326772193099668,0.422840353738673,16.0,1081,8648,0.014814814814814815
346,5,3.40036454264777,0.40472601401377273,14.0,928,6496,0.0151024811218986
347,4,2.6640970099799213,0.05494476342090715,15.872763419483102,1006,7984,0.015793794447246864
348,4,2.69931938336236,0.047996360467969956,15.88126159554731,1078,8560,0.014745832493544392
349,5,3.3092130347248205,0.4180994544816909,16.0,1060,8480,0.015108593012275734
350,5,2.800900783792632,0.051308438315828944,11.921052631578947,912,5436,0.013085677970997746
351,4,2.6967640094711918,0.04856750352195463,15.882136279926335,1086,8624,0.014637913622051921
352,4,2.6850921523945765,0.05002901936712038,15.876208897485494,1034,8208,0.015369030878495152
353,4,2.7043809365134734,0.045026771985693465,15.880819366852887,1074,8528,0.0148003908358368
354,5,3.3006193257794356,0.4080683922820343,16.0,1093,8744,0.014652014652014652
355,4,2.68338225833482,0.051228418144111186,15.878557874762809,1054,8368,0.015079352207751955
356,5,3.3122157754429984,0.3614610569047748,14.0,911,6377,0.015384615384615384
357,4,2.7246951246395725,0.053084200305428854,13.897166841552991,953,6622,0.014597864329362383
358,4,2.6977771059698044,0.045441511931059,15.879359095193214,1061,8424,0.014980527448295484
359,5,3.3601617433393134,0.37396437373555164,14.0,963,6741,0.014553014553014554
360,5,3.288115615230872,0.41335542371932904,16.0,1027,8216,0.015594541910331385
361,5,3.1184778929518178,0.3849848924864315,18.0,1093,9837,0.016483516483516484
362,5,3.364643138377837,0.394377234599057,14.0,916,6412,0.015300546448087433
363,4,2.6715958170836416,0.05424864027831414,15.876804619826757,1039,8248,0.015295572851470863
364,5,3.3669750412898605,0.38697720860422496,14.0,931,6517,0.015053763440860214
365,5,3.2497395646073373,0.3930074631561116,16.0,1042,8336,0.01536983669548511
366,4,2.6867384139251462,0.05063608496240687,15.880373831775701,1070,8496,0.014855354379584377
367,4,2.684201641958745,0.05238117657153263,15.880037488284911,1067,8472,0.014896845673813237
368,5,3.3445592633556065,0.3684505064708922,14.0,958,6706,0.014629049111807733
369,5,3.237429136835098,0.37577273743892836,16.0,1052,8416,0.015223596574690773
370,5,3.4001000670333217,0.38538519818802947,14.0,1018,7126,0.013765978367748281
371,5,3.247820672478207,0.3934712933006061,16.0,1023,8184,0.015655577299412915
372,4,2.760535955068109,0.04406389208637604,13.899073120494336,971,6748,0.014328941361334366
373,5,3.320434621954942,0.4250487371719462,16.0,1059,8472,0.01512287334593573
374,4,2.73472577558962,0.04936794333218402,13.898445595854922,965,6706,0.014417474684496808
375,5,3.242588237366664,0.37929572166375075,16.0,1066,8528,0.015023474178403757
376,4,2.662734615149224,0.056095862324235864,15.872889771598809,1007,7992,0.015778220448905374
377,4,2.742364028852735,0.04812461007023319,13.89948717948718,975,6776,0.014270520718159322
378,5,3.3361611451299695,0.42121212436123157,16.0,1094,8752,0.014638609332113446
379,4,2.6853096634384057,0.052198396959754305,15.87832699619772,1052,8352,0.015107827779445972
380,4,2.6815720274390245,0.049928559789130786,15.875121951219512,1025,8136,0.015503048780487805
381,5,3.404388274765081,0.40290158911715146,14.0,948,6636,0.01478352692713833
382,5,3.4076378626429182,0.3945803677978345,14.0,989,6923,0.01417004048582996
383,4,2.7208302139250384,0.05284665815766463,13.895522388059701,938,6517,0.014829799773809714
384,4,2.7318962238165816,0.04866763880488114,13.897596656217345,957,6650,0.01453723499604325
385,4,2.7434076655205564,0.044259657793319016,13.89727463312369,954,6629,0.014582659636016465
386,5,3.4068718525399695,0.41700736944438077,14.0,905,6335,0.015486725663716812
387,4,2.696825782326052,0.04765349465856925,15.883318140382862,1097,8712,0.014492078595239837
388,5,3.4506194401037678,0.41339361176189227,14.0,990,6930,0.014155712841253793
389,5,3.271932452676018,0.39886195935437346,16.0,1050,8400,0.015252621544327931
390,4,2.6580487548044016,0.05651987851947313,15.868717948717949,975,7736,0.016292318222503026
391,5,3.4090910004562787,0.3939636838609711,14.0,998,6986,0.014042126379137413
392,5,3.2795673310984683,0.3990939768081774,16.0,1073,8584,0.014925373134328358
393,5,3.301729581738736,0.43357124384171153,16.0,972,7776,0.016477857878475798
394,4,2.681725340945132,0.049679273781869385,15.878211227402474,1051,8344,0.015122105930859499
395,5,3.2589474419051108,0.3897082335884795,16.0,1071,8568,0.014953271028037384
396,4,2.7271698416291246,0.04755897988102079,13.891951488423373,907,6300,0.01533327978854677
397,5,3.285718350434798,0.40694218798023735,16.0,1061,8488,0.01509433962264151
398,5,3.202505322572659,0.4407452154796301,18.0,1064,9576,0.016933207902163686
399,4,2.701485546671713,0.05595613295209696,13.893478260869566,920,6391,0.015118039456876568
400,5,3.241973518284994,0.39981772160897794,16.0,976,7808,0.01641025641025641
401,5,3.1641255736520093,0.3569904439567521,16.0,979,7832,0.016359918200408996
402,4,2.6735724137403323,0.05329748638058022,15.874877810361681,1023,8120,0.015533148542428257
403,5,3.346775738619402,0.37191887139152696,14.0,948,6636,0.01478352692713833
404,5,3.2068453227879776,0.373679716191914,16.0,1010,8080,0.015857284440039643
405,5,3.379120136452869,0.384072485549564,14.0,966,6762,0.014507772020725387
406,5,3.24006599340066,0.3717041779553474,16.0,1096,8768,0.014611872146118723
407,4,2.7156131640192607,0.054235154616283615,13.898655635987591,967,6720,0.014387842273279081
408,5,3.519610162274684,0.3587679282212532,12.0,920,5520,0.01305767138193689
409,4,2.669986013986014,0.05320253273773721,15.872127872127873,1001,7944,0.015872127872127877
410,4,2.7569418890996067,0.04665260013732502,13.904854368932039,1030,7161,0.013512978006736674
411,5,3.445310964301281,0.4189860361637412,14.0,968,6776,0.01447776628748707
412,4,2.682570146408819,0.05129085141078182,15.876089060987415,1033,8200,0.015383807229638969
413,4,2.626420733865576,0.0556369680570648,17.850277264325324,1082,9657,0.016512744925370325
414,6,3.680921168593406,0.4236816181290721,12.0,923,5538,0.013015184381778743
415,6,3.458709019913202,0.42753616356363033,14.0,935,6545,0.01498929336188437
416,5,3.2493354121938784,0.3757296803264847,16.0,1098,8784,0.014585232452142206
417,5,3.462601117367491,0.4244404849882781,14.0,955,6685,0.014675052410901468
418,6,3.4865251923036835,0.42953571902322457,14.0,980,6860,0.014300306435137897
419,4,2.67790835797508,0.053789570421199445,15.88256880733945,1090,8656,0.014584544359356702
420,4,2.7198108691845193,0.051614814168730434,13.894168466522679,926,6433,0.015020722666511003
421,5,3.499443466141836,0.42317293231649444,14.0,1031,7217,0.013592233009708736
422,4,2.6962369168734903,0.04960689244926774,15.883318140382862,1097,8712,0.014492078595239837
423,5,3.335801599730926,0.43031617943307315,16.0,1069,8552,0.014981273408239699
424,5,3.2467314765686126,0.38547238018031693,16.0,1055,8440,0.015180265654648953
425,5,3.307222639249515,0.4363410940182826,16.0,988,7904,0.016210739614994932
426,4,2.66976007335754,0.05419030650438258,15.870576339737108,989,7848,0.016063336376252135
427,5,3.2971980425273917,0.41030955194516333,16.0,1075,8600,0.014897579143389201
428,5,3.292773632322383,0.413335871474739,16.0,1042,8336,0.01536983669548511
429,4,2.813685841479375,0.046211008562071665,11.920265780730897,903,5382,0.013215372262451106
430,5,3.3926109484118046,0.38938315765373827,14.0,966,6762,0.014507772020725385
431,5,3.3612899721932568,0.3761621262724205,14.0,960,6720,0.014598540145985406
432,5,3.443021779357226,0.4027264214767066,14.0,1017,7119,0.013779527559055118
433,5,3.3453919666934757,0.38173011952003116,14.0,920,6440,0.01523394994559304
434,5,3.277712079064836,0.41557320094248884,16.0,1007,8056,0.015904572564612324
435,5,3.3710511872964766,0.3974028674134273,14.0,906,6342,0.01546961325966851
436,5,3.300333197063814,0.41738350441395783,16.0,1052,8416,0.015223596574690773
437,4,2.6803213945253983,0.05209725389246812,15.878095238095238,1050,8336,0.015136411094466385
438,5,3.2676476895325726,0.3980420503882648,16.0,1054,8432,0.015194681861348529
439,4,2.723374585238992,0.04968817087079578,13.896296296296295,945,6566,0.014720652856246077
440,4,2.6831404729207473,0.04963006624936604,15.876089060987415,1033,8200,0.015383807229638969
441,5,3.2333830129852332,0.36925182543488316,16.0,1081,8648,0.014814814814814815
442,4,2.640886560831666,0.04996195679073732,17.851784080512353,1093,9756,0.016347787619516805
443,5,3.4309094173818417,0.41125662230389554,14.0,962,6734,0.014568158168574402
444,4,2.6637974883270945,0.0532550854221255,15.869653767820774,982,7792,0.016177017092579793
445,5,3.447043315836762,0.4079093394521213,14.0,1008,7056,0.013902681231380337
446,5,3.3409688114490286,0.37015679624542364,14.0,953,6671,0.014705882352941178
447,5,3.2679531983417274,0.3912451816050563,16.0,1081,8648,0.014814814814814819
448,5,3.346568983153091,0.43633280777778866,16.0,1070,8560,0.014967259120673527
449,6,3.509543850122183,0.4333010775029791,14.0,1016,7112,0.013793103448275862
450,4,2.729304403290658,0.052854038772448556,13.897810218978103,959,6664,0.01450710878807735
451,5,3.195198014041348,0.3705503159358355,16.0,1016,8128,0.015763546798029555
452,4,2.7123624300512548,0.05162270452689271,13.891592920353983,904,6279,0.01538382383206421
453,5,3.473283649696172,0.431530707465497,14.0,968,6776,0.01447776628748707
454,4,2.681618766395599,0.05147591213044367,15.876208897485494,1034,8208,0.015369030878495152
455,4,2.6392167756788587,0.049681005346122714,17.85232452142206,1097,9792,0.016288617264071225
456,4,2.6826902804132406,0.050611158750656964,15.878557874762809,1054,8368,0.015079352207751955
457,4,2.68753554664748,0.04917220302322001,15.88159111933395,1081,8584,0.014705176962346252
458,5,3.489553712480253,0.4139058426126574,14.0,1056,7392,0.013270142180094785
459,4,2.731374024466278,0.05136993579958676,13.898445595854922,965,6706,0.014417474684496806
460,4,2.7185763334968307,0.05254523791603047,13.893129770992367,917,6370,0.015167172239074636
461,4,2.6380901460566406,0.05154482129079227,17.85082872928177,1086,9693,0.016452376709015455
462,5,3.4261920580815377,0.4199334777622723,14.0,912,6384,0.015367727771679473
463,5,3.449876050943718,0.41774783104766483,14.0,957,6699,0.014644351464435146
464,4,2.6902261893667183,0.04952667781512796,15.881151346332405,1077,8552,0.014759434336740153
465,4,2.737929802437999,0.04994002854067441,13.899590163934427,976,6783,0.014255989911727614
466,5,3.22855766544957,0.36204101929162047,16.0,1094,8752,0.01463860933211345
467,5,3.245514097402428,0.39545114361108596,16.0,998,7984,0.016048144433299903
468,5,3.2032393118705835,0.37329412275327706,16.0,1013,8104,0.0158102766798419
469,4,2.7191758639891335,0.04850527604183652,13.89428263214671,927,6440,0.01500462487272863
470,5,3.398692467741665,0.389379791875427,14.0,977,6839,0.014344262295081966
471,4,2.72179105197766,0.05260228936260557,13.892425905598243,911,6328,0.015266402094064005
472,4,2.7292542308993597,0.05016601196254391,13.895633652822152,939,6524,0.014814108371878625
473,4,2.6758519252271924,0.0529649181248902,15.876089060987415,1033,8200,0.015383807229638969
474,5,3.267143302352014,0.3965248867857486,16.0,1045,8360,0.01532567049808429
475,5,3.472580884607005,0.417958093360054,14.0,1019,7133,0.013752455795677798
476,5,3.435438395991234,0.40847561714814645,14.0,978,6846,0.014329580348004096
477,4,2.722482042915732,0.049230279188337556,13.895744680851063,940,6531,0.014798450139351507
478,5,3.3711198249771086,0.39163366435526686,14.0,927,6489,0.01511879049676026
479,5,3.3988323388323387,0.4114937021717215,14.0,925,6475,0.015151515151515152
480,4,2.7468366816500014,0.0496602375114223,13.901109989909182,991,6888,0.014041525242332507
481,5,3.422148433994436,0.392104921734826,14.0,1013,7091,0.01383399209486166
482,5,3.3480989294942782,0.36863918330865625,14.0,946,6622,0.014814814814814814
483,5,3.1936990908953526,0.3818352861588012,16.0,963,7704,0.016632016632016633
484,4,2.7177786930570504,0.05437207633419106,13.895522388059701,938,6517,0.014829799773809712
485,5,3.3785675082327113,0.3966649828601415,14.0,912,6384,0.015367727771679473
486,5,3.417503908639793,0.40474756957210356,14.0,940,6580,0.01490947816826411
487,5,3.2247169302332366,0.37538359857003023,16.0,1048,8384,0.015281757402101241
488,5,3.2198769870274515,0.4434410098932948,18.0,1099,9891,0.016393442622950817
489,5,3.2255566311713455,0.3793252206884076,16.0,1034,8272,0.01548886737657309
490,5,3.25211573752383,0.38500983625742696,16.0,1060,8480,0.01510859301227573
491,5,3.315495743844165,0.43745287706563396,16.0,1004,8032,0.015952143569292122
492,4,2.7155520535802227,0.05337309038525021,13.893939393939394,924,6419,0.015053022095275616
493,5,3.49913806905128,0.42309496806370983,14.0,1037,7259,0.013513513513513516
494,5,3.366033542831348,0.388969384838005,14.0,930,6510,0.015069967707212055
495,4,2.735852974995956,0.04693648438936941,13.897596656217345,957,6650,0.014537234996043247
496,4,2.7226812692514546,0.05091612811566231,13.89171270718232,905,6286,0.015366938835378671
497,4,2.6954163351822285,0.04783833519237258,15.876804619826757,1039,8248,0.015295572851470863
498,4,2.7114025369118413,0.05403868641485818,13.89585547290117,941,6538,0.014782824971171456
499,5,3.252923540412898,0.3923958021245133,16.0,1049,8392,0.015267175572519083
500,5,3.2480524963999993,0.3899810918406861,16.0,1042,8336,0.01536983669548511
501,5,3.2400172425646083,0.3880340129725931,16.0,1038,8304,0.015429122468659595
502,5,3.1323188309327654,0.40203677895889955,18.0,1083,9747,0.0166358595194085
503,4,2.722505912376246,0.05134542497098948,13.891352549889135,902,6265,0.015417705382784835
504,4,2.732088201084542,0.04816510434969716,13.896515311510031,947,6580,0.01468976248573999
505,4,2.745737434512465,0.04873280690471227,13.898760330578513,968,6727,0.014373071696565164
506,5,3.3710938463435687,0.4001338728417855,14.0,901,6307,0.015555555555555555
507,4,2.7171560566909405,0.05186459351674879,13.896405919661733,946,6573,0.014705191449377496
508,4,2.725972193762792,0.05175513627852006,13.893709327548807,922,6405,0.015085460724808698
509,5,3.2483226142881976,0.38828981492467285,16.0,1046,8368,0.015311004784688992
510,4,2.7307561900817605,0.05034577831261602,13.895522388059701,938,6517,0.014829799773809714
511,4,2.71253491533803,0.054374578349733124,13.891111111111112,900,6251,0.015451736497342727
512,4,2.71629370960007,0.054483087941143475,13.896076352067869,943,6552,0.0147516734098385
513,6,3.4072275808133474,0.4022346715211462,14.0,960,6720,0.014598540145985406
514,5,3.432223567393059,0.41632118413508135,14.0,945,6615,0.01483050847457627
515,5,3.3647276621935323,0.39310728002908396,14.0,909,6363,0.015418502202643175
516,5,3.3269306174155213,0.4185475368287327,16.0,1093,8744,0.014652014652014652
517,5,2.8272894217109594,0.04788691971062859,11.92266380236305,931,5550,0.01282006860469145
518,4,2.6352219973812643,0.052496288479210174,17.85069124423963,1085,9684,0.01646742734708453
519,5,3.401534835381018,0.40772083284572197,14.0,929,6503,0.015086206896551725
520,5,3.3052812202097237,0.41807292779296357,16.0,1050,8400,0.015252621544327931
521,4,2.6780979827089335,0.049697177368260695,15.87704130643612,1041,8264,0.015266385871573192
522,5,3.4643246254797573,0.4224754541800475,14.0,985,6895,0.014227642276422765
523,4,2.6671277572389154,0.05578856692545281,15.869918699186991,984,7808,0.016144373040881985
524,5,3.373397729074433,0.39838596683803024,14.0,906,6342,0.015469613259668513
525,4,2.6788549539094415,0.05049344262624244,15.875728155339806,1030,8176,0.015428307245228189
526,5,3.2241206679967487,0.37918444026303527,16.0,1041,8328,0.015384615384615384
527,5,3.3854989201323504,0.38775251405721206,14.0,970,6790,0.014447884416924664
528,5,3.4189685131508916,0.38658958436005025,14.0,1039,7273,0.01348747591522158
529,4,2.724325013006041,0.054534237112443894,13.899073120494336,971,6748,0.014328941361334365
530,5,3.3043450681890265,0.4224727794203133,16.0,1051,8408,0.01523809523809524
531,4,2.7065172457177775,0.05885697003741808,13.896186440677965,944,6559,0.014736146808778333
532,5,3.258508569292493,0.3895836831435235,16.0,1078,8624,0.014856081708449395
533,5,3.3878972326420835,0.380634224218321,14.0,995,6965,0.014084507042253521
534,5,3.2865102898090295,0.40731657284092676,16.0,1065,8520,0.015037593984962407
535,4,2.746566734193778,0.049651113037065285,13.904203323558162,1023,7112,0.013604895619919925
536,4,2.75642629037079,0.043533827822999485,13.902874132804758,1009,7014,0.01379253386190948
537,5,3.326334144920825,0.4301286736424165,16.0,1052,8416,0.015223596574690773
538,5,3.474596933574653,0.43216520413739745,14.0,981,6867,0.014285714285714287
539,5,3.3778174187682857,0.38367309071057343,14.0,964,6748,0.014537902388369679
540,4,2.7383847733341846,0.04744126955362071,13.898969072164949,970,6741,0.014343621333503557
541,5,3.2438846093092795,0.38909114723231625,16.0,1044,8352,0.015340364333652925
542,5,3.2979687168235543,0.42910730831814564,16.0,995,7960,0.01609657947686117
543,4,2.6972551304460413,0.04792417139740814,15.881918819188192,1084,8608,0.014664744985399991
544,5,3.331875385340732,0.3754985963884344,14.0,910,6370,0.015401540154015401
545,6,3.4383538114486596,0.42367769544223555,14.0,935,6545,0.014989293361884369
546,4,2.7253656253656255,0.05143229380105521,13.894054054054054,925,6426,0.015036855036855036
547,4,2.7528786589114294,0.04733028399884014,13.902777777777779,1008,7007,0.013806134833940196
548,5,3.359418963885773,0.3693477264487048,14.0,979,6853,0.014314928425357873
549,5,3.4394097913866477,0.39324662260867843,14.0,1037,7259,0.013513513513513516
550,4,2.6837986498119704,0.0503350559219208,15.878211227402474,1051,8344,0.015122105930859497
551,4,2.726178566823616,0.05144585068470019,13.896733403582719,949,6594,0.014659001480572488
552,5,3.0986510788262867,0.3835554439754331,18.0,1077,9693,0.016728624535315987
553,4,2.6925780607162966,0.05025848055027541,15.88093023255814,1075,8536,0.014786713438136073
554,5,3.4081186413794664,0.40751517028631506,14.0,940,6580,0.01490947816826411
555,4,2.686907353838081,0.05106008088432762,15.881918819188192,1084,8608,0.014664744985399991
556,5,3.20209765606428,0.3681152776265752,16.0,1026,8208,0.015609756097560983
557,4,2.749196629261497,0.04643187140273713,13.898760330578513,968,6727,0.014373071696565164
558,4,2.762743304692834,0.04285659330157674,13.906040268456376,1043,7252,0.013345528088729726
559,4,2.6946317939669027,0.048483466594720526,15.87958607714017,1063,8440,0.014952529262843848
560,4,2.692280845349391,0.049138653230963975,15.87958607714017,1063,8440,0.01495252926284385
561,5,3.355049365139993,0.38172822020794683,14.0,930,6510,0.015069967707212056
562,4,2.6769531766698713,0.050330476700874496,15.872889771598809,1007,7992,0.015778220448905374
563,4,2.6962047203250625,0.04829698889667623,15.881040892193308,1076,8544,0.014773061295063542
564,4,2.7258277411125285,0.054290268941503246,13.896842105263158,950,6601,0.014643669236315233
565,5,3.2656959895709465,0.3920417224545244,16.0,1066,8528,0.015023474178403757
566,4,2.6855756765516126,0.0488827876296309,15.882460973370064,1089,8648,0.014597850159347486
567,5,3.3671930321484207,0.3938314457316387,14.0,921,6447,0.015217391304347825
568,5,3.330471651005493,0.4304012867159705,16.0,1050,8400,0.015252621544327931
569,4,2.7309540529334364,0.049368827150180886,13.89277899343545,914,6349,0.015216625403543755
570,5,3.2499574368774544,0.39588097756592333,16.0,1023,8184,0.015655577299412915
571,5,3.2653650101042597,0.3844967160221992,16.0,1093,8744,0.014652014652014652
572,4,2.72349075453611,0.05082811879000477,13.894736842105264,931,6468,0.014940577249575553
573,5,3.10168044803108,0.37634831122784906,18.0,1099,9891,0.016393442622950817
574,4,2.6766993886116293,0.052315990998623364,15.87958607714017,1063,8440,0.01495252926284385
575,5,3.1839761995220806,0.36816938616308775,16.0,982,7856,0.016309887869520902
576,5,3.3261102871130728,0.4194360287661944,16.0,1078,8624,0.014856081708449398
577,5,3.428972398496574,0.4099522356680609,14.0,974,6818,0.01438848920863309
578,4,2.73285204000293,0.05039527096752812,13.898340248962656,964,6699,0.01443233670712633
579,4,2.7376966074492226,0.048986670684466424,13.896950578338592,951,6608,0.014628369029830095
580,5,3.3930933324093644,0.40336762570237716,14.0,931,6517,0.015053763440860214
581,5,3.411457646779679,0.41217698656380375,14.0,914,6398,0.015334063526834609
582,4,2.7353306374481936,0.04904519620153856,13.899692937563971,977,6790,0.014241488665536857
583,4,2.7175277545390824,0.05431405305342236,13.89585547290117,941,6538,0.014782824971171454
584,4,2.673706864701101,0.053930529498162974,15.87704130643612,1041,8264,0.015266385871573192
585,5,3.388633322765059,0.3827281728921947,14.0,1002,7014,0.013986013986013986
586,4,2.725459948072359,0.052575243477114585,13.896515311510031,947,6580,0.014689762485739992
587,5,3.430062893081761,0.4244500230331246,14.0,901,6307,0.015555555555555555
588,6,3.6340781847330126,0.41506031725885423,12.0,901,5406,0.013333333333333334
589,5,3.2682755907672885,0.40206810811976346,16.0,1046,8368,0.015311004784688996
590,5,3.4315914649411674,0.42137936143965204,14.0,912,6384,0.015367727771679473
591,5,3.245264569875393,0.3802113161769554,16.0,1065,8520,0.015037593984962407
592,5,3.272610537724022,0.39524658488669967,16.0,1058,8464,0.015137180700094607
593,4,2.670123856707317,0.0558088439741293,15.875121951219512,1025,8136,0.015503048780487805
594,4,2.757056306888334,0.04556309220991865,13.90080971659919,988,6867,0.014083900422086314
595,4,2.729432761364125,0.05112640567698565,13.903162055335969,1012,7035,0.01375189125156871
596,4,2.7366281533053165,0.04793821382248428,13.8951871657754,935,6496,0.014877074053292721
597,4,2.6536676075045658,0.05564269778587658,15.86540483701367,951,7544,0.016700426144224914
598,4,2.753729843476616,0.04776613888001849,13.902777777777779,1008,7007,0.013806134833940196
599,5,3.4982700766729837,0.42600200353725176,14.0,1018,7126,0.01376597836774828
600,5,3.445703235457771,0.42672607950807906,14.0,937,6559,0.01495726495726496
601,4,2.688068795510101,0.048709383988061725,15.88126159554731,1078,8560,0.014745832493544392
602,5,3.2328399823028056,0.3673316325464609,16.0,1095,8760,0.014625228519195614
603,5,3.5025860422334354,0.423619625199199,14.0,1039,7273,0.013487475915221581
604,4,2.7465927286286567,0.046354015572927086,13.902195608782435,1002,6965,0.013888307301480956
605,4,2.6751365356497807,0.05460691956903077,15.878902554399243,1057,8392,0.015036839540150795
606,5,3.360858080099009,0.4359322715407145,16.0,1097,8776,0.0145985401459854
607,5,3.3730070832874572,0.38322551060849547,14.0,963,6741,0.014553014553014554
608,5,3.3954539542143602,0.39141641456108467,14.0,961,6727,0.014583333333333334
609,5,3.23443241607261,0.3733235941491774,16.0,1082,8656,0.014801110083256243
610,4,2.710158817086528,0.055260832150435216,13.892661555312158,913,6342,0.01523318152994754
611,5,3.357588247727753,0.38952312179128834,14.0,913,6391,0.015350877192982455
612,4,2.679398711344531,0.05101383372115312,15.868986693961105,977,7752,0.016259207678238838
613,4,2.724998262395115,0.05132456331814926,13.89277899343545,914,6349,0.015216625403543755
614,5,3.362798651392816,0.3662907240661208,14.0,1015,7105,0.013806706114398423
615,5,3.375287761334273,0.37975459225600006,14.0,990,6930,0.014155712841253791
616,5,3.397629446972976,0.3916047759380742,14.0,957,6699,0.014644351464435146
617,4,2.8135310839204055,0.04543605122355208,11.92,900,5364,0.013259176863181312
618,4,2.7351501439736734,0.05091414428731379,13.895299145299145,936,6503,0.014861282508341336
619,4,2.731929629125891,0.05032751985658328,13.898234683281412,963,6692,0.01444722940050043
620,5,3.3289477552700437,0.37528301010143006,14.0,904,6328,0.015503875968992248
621,5,3.2424017790956263,0.38437179441278324,16.0,1065,8520,0.015037593984962403
622,5,3.3966108394089325,0.4066870704673676,14.0,917,6419,0.015283842794759826
623,5,3.3429032488688706,0.35700988991307003,14.0,990,6930,0.014155712841253793
624,5,3.342644841437377,0.3843737053588783,14.0,911,6377,0.015384615384615384
625,4,2.733207596253902,0.051379796480141106,13.898022892819979,961,6678,0.01447710718002081
626,4,2.7285009334957304,0.053978231463256574,13.898128898128897,962,6685,0.014462152859655464
627,4,2.679855041879216,0.05483480212140514,15.877979027645377,1049,8328,0.015150743346989862
628,4,2.6673776349127705,0.05412454393490301,15.871614844533601,997,7912,0.01593535626961205
629,4,2.661365297928322,0.0558001033920456,15.873517786561266,1012,8032,0.015700808888784633
630,4,2.715409292949137,0.053867730330385624,13.896515311510031,947,6580,0.014689762485739994
631,5,3.4748905373169654,0.42884966982137074,14.0,982,6874,0.014271151885830785
632,5,3.3241544299620527,0.429849950062447,16.0,1045,8360,0.015325670498084294
633,4,2.6788933920060014,0.05097826345443579,15.877629063097514,1046,8304,0.015193903409662693
634,4,2.687081051326003,0.050422049031960514,15.880597014925373,1072,8512,0.014827821675934053
635,4,2.732146108972628,0.05142641133604439,13.899795501022496,978,6797,0.014227016889480547
636,4,2.696330308139326,0.05903141045044434,13.892896174863388,915,6356,0.015200105224139374
637,4,2.7318081806855234,0.05115880291806017,13.897058823529411,952,6615,0.014613100760809052
638,5,3.2117271606172717,0.43864849042607007,18.0,1096,9864,0.016438356164383564
639,5,3.2144572526416906,0.36969668448264326,16.0,1041,8328,0.015384615384615384
640,5,3.25885233623322,0.3976410941667648,16.0,1021,8168,0.01568627450980392
641,5,3.331947512017669,0.42561278056029367,16.0,1075,8600,0.014897579143389201
642,5,3.425871650297488,0.4129604536715428,14.0,942,6594,0.014877789585547287
643,4,2.766068627559023,0.04471707141624491,13.906130268199234,1044,7259,0.01333281904908843
644,5,3.247715837252671,0.39959056801743387,16.0,1012,8096,0.015825914935707223
645,4,2.685350515970702,0.05213248830949016,15.875607385811467,1029,8168,0.015443197846120105
646,5,3.474057521509695,0.43740003214941686,14.0,938,6566,0.014941302027748134
647,5,3.2539153005791515,0.3834603414925656,16.0,1082,8656,0.014801110083256247
648,5,3.301702991843837,0.35304983782176086,14.0,924,6468,0.015167930660888406
649,5,3.261212854497791,0.39867576197534593,16.0,1045,8360,0.01532567049808429
650,4,2.733665362267283,0.04820125815528626,13.895410885805763,937,6510,0.014845524450647185
651,4,2.713173772459082,0.054238684775497294,13.893129770992367,917,6370,0.015167172239074635
652,5,3.246392425726412,0.39438627085822375,16.0,1021,8168,0.01568627450980392
653,4,2.7209178806798473,0.05305753509990994,13.898022892819979,961,6678,0.014477107180020812
654,4,2.733712223119003,0.047954023307512514,13.896296296296295,945,6566,0.014720652856246077
655,5,3.4407007699280934,0.4072617781474678,14.0,988,6916,0.014184397163120569
656,5,3.374239077985227,0.39360883764375354,14.0,929,6503,0.015086206896551725
657,5,3.266559437966824,0.402127311168218,16.0,1034,8272,0.01548886737657309
658,5,3.326093004588202,0.36188121528860584,14.0,937,6559,0.01495726495726496
659,4,2.684771271191179,0.049780770971775544,15.874386653581944,1019,8088,0.015593700052634522
660,4,2.7430463030652485,0.04820922731791366,13.900608519269777,986,6853,0.014112292912964241
661,4,2.682232798127771,0.04909251919590917,15.874755381604697,1022,8112,0.015548242293442404
662,5,3.3568629600753663,0.36732772745932935,14.0,993,6951,0.01411290322580645
663,5,3.4094452950670564,0.3983058633535467,14.0,983,6881,0.014256619144602849
664,4,2.7236810079461664,0.05099591670439105,13.893013100436681,916,6363,0.015183620874794187
665,5,3.077436696071463,0.3704725793563875,18.0,1072,9648,0.01680672268907563
666,4,2.6854715652077976,0.051604969545007755,15.882136279926335,1086,8624,0.014637913622051923
667,5,3.198416102953308,0.3579545041215683,16.0,1045,8360,0.015325670498084294
668,4,2.6721491794403858,0.05349948927686784,15.874877810361681,1023,8120,0.015533148542428259
669,5,3.327965541843934,0.42288742872926666,16.0,1066,8528,0.015023474178403756
670,5,3.3861168825563976,0.3854623885435426,14.0,987,6909,0.014198782961460448
671,4,2.7229770682702172,0.049144477901088904,13.893013100436681,916,6363,0.015183620874794187
672,4,2.742559989123785,0.049381590255530954,13.895744680851063,940,6531,0.014798450139351505
673,5,3.430815850714362,0.41124556690581077,14.0,959,6713,0.014613778705636743
674,5,3.2655884089247524,0.4026406032415188,16.0,1012,8096,0.01582591493570722
675,4,2.641572813698482,0.05130330610211904,17.85123966942149,1089,9720,0.01640738940204181
676,4,2.6926429852419527,0.04817873233396465,15.881371640407785,1079,8568,0.014732255696111118
677,4,2.821071133909675,0.046767703758896204,11.921311475409835,915,5454,0.013043010366969185
678,4,2.7259006019939056,0.05226608540618482,13.899073120494336,971,6748,0.014328941361334366
679,5,3.411051555420024,0.38445513648235746,14.0,1012,7084,0.013847675568743814
680,5,3.3278798468397737,0.4254427213818878,16.0,1058,8464,0.015137180700094607
681,5,3.365191242044872,0.37749163357673354,14.0,954,6678,0.014690451206715634
682,4,2.744748252987299,0.05236127141955667,13.903353057199212,1014,7049,0.013724928980453317
683,5,3.423269339188748,0.3965207156921416,14.0,1006,7042,0.013930348258706465
684,5,3.3699704654972438,0.39187438242937433,14.0,915,6405,0.015317286652078774
685,4,2.7273388259174918,0.052228713260967154,13.898864809081527,969,6734,0.014358331414340422
686,4,2.6616078217684342,0.05497037842576016,15.869786368260428,983,7800,0.016160678582749926
687,5,3.294890885750963,0.42162989434706577,16.0,1026,8208,0.015609756097560983
688,5,3.3524706412533467,0.37159260336269195,14.0,952,6664,0.014721345951629862
689,4,2.7268860358800793,0.04938169182719061,13.893709327548807,922,6405,0.015085460724808698
690,5,3.299955315728378,0.3546389889923808,14.0,908,6356,0.01543550165380375
691,5,3.2689222820115904,0.39665704364042403,16.0,1068,8544,0.014995313964386131
692,5,3.2468019545928137,0.38141850923352955,16.0,1062,8496,0.01508011310084826
693,5,3.344459101017653,0.3843786580498702,14.0,917,6419,0.015283842794759828
694,5,3.3014132445431,0.363381745634523,14.0,901,6307,0.015555555555555555
695,4,2.736222891847105,0.04823144129593978,13.89917695473251,972,6755,0.01431429140549177
696,5,3.2441319125748724,0.4051517777283824,16.0,983,7864,0.016293279022403257
697,4,2.724748721706303,0.05249986603847516,13.895522388059701,938,6517,0.014829799773809715
698,5,3.4605859909293786,0.4238580746369163,14.0,958,6706,0.014629049111807737
699,5,3.401272250637042,0.3764921745727443,14.0,1045,7315,0.013409961685823755
700,5,3.364297674156829,0.3864524913105597,14.0,924,6468,0.015167930660888406
701,5,3.4563028868102816,0.4173228161095349,14.0,971,6797,0.014432989690721652
702,4,2.6383985843099933,0.05120949700622977,17.851919561243143,1094,9765,0.016332954767834532
703,4,2.734441282718815,0.049516219702285556,13.901606425702811,996,6923,0.013971463744424938
704,4,2.6833149478076197,0.05102948941787883,15.876089060987415,1033,8200,0.015383807229638969
705,4,2.686164354548343,0.05039670901447401,15.87981220657277,1065,8456,0.014924635532493206
706,4,2.7175587650917605,0.054294257277945485,13.894849785407725,932,6475,0.014924650682500241
707,5,3.327970187869344,0.37946059972536733,14.0,904,6328,0.015503875968992248
708,4,2.6320672547626014,0.05195664705226605,17.848880597014926,1072,9567,0.016665621472469586
709,5,3.4260636262636974,0.4185576755379872,14.0,932,6524,0.015037593984962407
710,4,2.7332339090823625,0.051843516922251295,13.898760330578513,968,6727,0.014373071696565164
711,5,3.5126289541876496,0.3551313946227824,12.0,905,5430,0.013274336283185839
712,4,2.695248806157878,0.04737716327848272,15.880261927034612,1069,8488,0.01486915910771031
713,5,3.434199174367894,0.400924911468137,14.0,1007,7049,0.013916500994035784
714,4,2.72581288378311,0.049046656268229606,13.895744680851063,940,6531,0.014798450139351507
715,4,2.6856257704767637,0.052589984722907594,15.878902554399243,1057,8392,0.015036839540150799
716,4,2.6948375215350797,0.049326725249473014,15.882136279926335,1086,8624,0.014637913622051921
717,5,3.172005269846762,0.4123217487749831,18.0,1097,9873,0.016423357664233577
718,4,2.72874612522571,0.05421333685820728,13.897596656217345,957,6650,0.014537234996043247
719,5,3.331222605596773,0.4331685639659118,16.0,1038,8304,0.015429122468659595
720,5,3.2370886359695312,0.40320334884416503,16.0,973,7784,0.01646090534979424
721,5,3.3243027555867206,0.41496890936116476,16.0,1095,8760,0.01462522851919561
722,4,2.671606962663976,0.05223578134277731,15.870967741935484,992,7872,0.01601510367501058
723,5,3.309031667384748,0.4176803951503596,16.0,1056,8448,0.015165876777251187
724,5,3.4123429348953054,0.41148883505857486,14.0,927,6489,0.01511879049676026
725,5,3.2130936778381076,0.3817603428076254,16.0,981,7848,0.0163265306122449
726,5,3.2433828135639384,0.3884751043180946,16.0,1050,8400,0.015252621544327931
727,5,3.2248799231508167,0.37639481053797536,16.0,1041,8328,0.015384615384615387
728,4,2.73025060700659,0.0504007715743192,13.898022892819979,961,6678,0.014477107180020812
729,4,2.7321755578823095,0.050166600605923976,13.898340248962656,964,6699,0.01443233670712633
730,5,3.382546923879041,0.3914014431542971,14.0,960,6720,0.014598540145985406
731,4,2.6554370145242414,0.05402801669146054,15.869120654396728,978,7760,0.01624270281923923
732,4,2.66537597268151,0.05739316617405971,15.873267326732673,1010,8016,0.01573168218704923
733,5,3.4078347427298996,0.4032931321420439,14.0,952,6664,0.014721345951629862
734,4,2.691344813049259,0.05065981291225742,15.881809787626961,1083,8600,0.014678197585607174
735,4,2.686812988046573,0.04974422617021561,15.88126159554731,1078,8560,0.014745832493544392
736,4,2.7338327608074726,0.05229084956445346,13.901803607214429,998,6937,0.01394363451074667
737,4,2.689551917277036,0.04921414222743975,15.878787878787879,1056,8384,0.015050983771362917
738,4,2.6321113249170054,0.05423026212160923,17.852593266606007,1099,9810,0.016259192410387986
739,5,3.2984988592158446,0.41126927980783345,16.0,1077,8616,0.01486988847583643
740,4,2.765214257922186,0.043242575088780544,13.904109589041095,1022,7105,0.01361812888250842
741,4,2.685980808729886,0.0537359667881391,15.883424408014571,1098,8720,0.014478964820432608
742,5,3.272831348615358,0.4188273992814078,16.0,994,7952,0.016112789526686808
743,4,2.736224133450281,0.05089110285727784,13.901309164149044,993,6902,0.014013416496117986
744,4,2.6864223218721097,0.051714392056451924,15.882998171846435,1094,8688,0.014531562828770756
745,5,3.3542576342576345,0.3799646633919086,14.0,925,6475,0.015151515151515152
746,5,3.3120263306049975,0.41702560045054116,16.0,1075,8600,0.014897579143389197
747,5,3.4258778943678942,0.4094919753114862,14.0,956,6692,0.014659685863874347
748,4,2.7000222701887826,0.046438635561231,15.88159111933395,1081,8584,0.01470517696234625
749,5,3.2385678704432475,0.3732554786307437,16.0,1084,8672,0.014773776546629732
750,5,3.4816463414634145,0.4211315617604983,14.0,1025,7175,0.013671875
751,5,3.2676028209448917,0.4139461054870871,16.0,981,7848,0.016326530612244896
752,5,3.3730694594378257,0.38143308866397674,14.0,962,6734,0.014568158168574402
753,5,3.32575095627551,0.4231165531887875,16.0,1082,8656,0.014801110083256243
754,5,3.091334583972865,0.3730740626462782,18.0,1078,9702,0.016713091922005572
755,4,2.6375053299892897,0.052242512037570965,17.85164835164835,1092,9747,0.016362647435058067
756,4,2.7373614336044394,0.050304845950194035,13.899280575539569,973,6762,0.014299671374011905
757,4,2.662532305062757,0.05426991719603504,15.870182555780932,986,7824,0.01611186046272176
758,4,2.660077000057895,0.05375416286017595,15.869918699186991,984,7808,0.016144373040881985
759,5,3.4636067449009813,0.4204960117125901,14.0,990,6930,0.014155712841253793
760,5,3.307457515261508,0.4197009342426846,16.0,1045,8360,0.015325670498084294
761,4,2.653380471641611,0.056272934940565046,15.867219917012449,964,7648,0.016476863880594442
762,4,2.7225004332795155,0.05075126154163619,13.895410885805763,937,6510,0.014845524450647185
763,4,2.7558004628828088,0.04671539100198405,13.902293120638086,1003,6972,0.01387454403257294
764,4,2.675353282922619,0.05465146354705554,15.877277085330777,1043,8280,0.015237310062697481
765,4,2.739239009672915,0.048915841983784694,13.901109989909182,991,6888,0.014041525242332509
766,4,2.6314816616402372,0.05316599333991724,17.850415512465375,1083,9666,0.016497611379358016
767,4,2.7731985998282807,0.042844073100433464,13.904854368932039,1030,7161,0.013512978006736674
768,4,2.684363465012173,0.051786639981203794,15.880485527544351,1071,8504,0.014841575259387245
769,4,2.675133687412048,0.05444179189563241,15.878095238095238,1050,8336,0.015136411094466385
770,5,3.3769052033123224,0.4057634979304233,14.0,900,6300,0.01557285873192436
771,4,2.7367177273992587,0.05131748022219811,13.902681231380338,1007,7000,0.013819762655447652
772,4,2.719045422309742,0.05659084495797383,13.89507494646681,934,6489,0.014892899192354566
773,5,3.2989328362191594,0.4146850636300975,16.0,1043,8344,0.01535508637236085
774,5,3.2506714842044184,0.3966520329243027,16.0,1002,8016,0.015984015984015984
775,4,2.672007483497476,0.0558925209092801,15.87981220657277,1065,8456,0.014924635532493203
776,5,3.3618733306431468,0.3936704886057883,14.0,913,6391,0.015350877192982454
777,5,3.172627994240128,0.42570656396226236,18.0,1069,9621,0.016853932584269662
778,5,3.3637291883454736,0.3844851633169563,14.0,961,6727,0.014583333333333334
779,4,2.739473863095643,0.045667418076524344,13.895744680851063,940,6531,0.014798450139351507
780,5,3.301421800947867,0.411596749727819,16.0,1056,8448,0.015165876777251187
781,5,3.235242739795845,0.3946499199684575,16.0,987,7896,0.016227180527383367
782,4,2.664874070842492,0.052328796277614914,15.868986693961105,977,7752,0.016259207678238838
783,5,3.324627235758918,0.42568830931433693,16.0,1044,8352,0.015340364333652925
784,5,3.242643789601512,0.39448614888788747,16.0,1011,8088,0.01584158415841585
785,4,2.686105424554132,0.0525538967877174,15.88256880733945,1090,8656,0.014584544359356704
786,4,2.725,0.05119139120057412,13.897916666666667,960,6671,0.014492092457420924
787,4,2.7315213352161125,0.05313178993585332,13.899073120494336,971,6748,0.014328941361334366
788,5,3.3016554314097055,0.4045507680538338,16.0,1077,8616,0.01486988847583643
789,4,2.6854704509416147,0.051497581923347,15.879245283018868,1060,8416,0.014994565895201956
790,5,3.359639860676028,0.3741235306042717,14.0,956,6692,0.014659685863874347
791,4,2.6952191745049947,0.04834246216194664,15.881809787626961,1083,8600,0.014678197585607174
792,4,2.6388667916817328,0.051158530034813784,17.851512373968834,1091,9738,0.016377534288044802
793,5,3.2109361715982967,0.36879403856082854,16.0,1052,8416,0.015223596574690773
794,5,3.2006393045308914,0.3602970954153394,16.0,1043,8344,0.015355086372360847
795,5,3.440902721407186,0.41576244041195304,14.0,954,6678,0.014690451206715636
796,5,3.46650392945906,0.4186172021840793,14.0,997,6979,0.014056224899598393
797,6,3.555464298927118,0.37763942096219966,12.0,901,5406,0.013333333333333332
798,5,3.2904539751212845,0.4134240049606032,16.0,1037,8296,0.015444015444015443
799,4,2.66912172813817,0.05137867967771659,15.868583162217659,974,7728,0.016308924113276117
800,5,3.2221565484716654,0.36921802810387055,16.0,1062,8496,0.015080113100848256
801,5,3.3334371901996884,0.369985242190041,14.0,921,6447,0.015217391304347825
802,4,2.747548843395582,0.04500211209648532,13.896186440677965,944,6559,0.014736146808778333
803,5,3.2742626488066207,0.4113059880575978,16.0,1013,8104,0.015810276679841896
804,5,3.327458052375725,0.3740347332883348,14.0,911,6377,0.015384615384615384
805,5,3.3466818911524636,0.37831398942857397,14.0,941,6587,0.014893617021276593
806,5,3.4343721822580067,0.40731242796033185,14.0,1004,7028,0.013958125623130608
807,5,3.233344366083628,0.36912427477913345,16.0,1086,8688,0.014746543778801843
808,4,2.6826137200434537,0.05297019450051407,15.877862595419847,1048,8320,0.01516510276544398
809,5,3.502989764802687,0.4239083734959251,14.0,1037,7259,0.013513513513513516
810,6,3.4307549686842878,0.41649864574171097,14.0,941,6587,0.014893617021276593
811,5,3.247785313060394,0.39082296816789364,16.0,1039,8312,0.015414258188824664
812,5,3.152719870220655,0.40803179781777366,18.0,1098,9882,0.01640838650865998
813,5,3.2552025359132966,0.3823162308317576,16.0,1087,8696,0.014732965009208104
814,4,2.7465258754719777,0.048581083147202594,13.90576923076923,1040,7231,0.013383800992078185
815,4,2.7532446080513475,0.04751316916359356,13.902874132804758,1009,7014,0.013792533861909482
816,6,3.6475989489482195,0.41204886717325173,12.0,908,5448,0.013230429988974644
817,4,2.6814009333514566,0.051399864722767516,15.878211227402474,1051,8344,0.015122105930859499
818,5,3.3875566294170945,0.38930423314582746,14.0,946,6622,0.014814814814814815
819,5,3.46600072470155,0.41306767774829634,14.0,1011,7077,0.013861386138613865
820,5,3.485942340001698,0.42515053999946184,14.0,1007,7049,0.013916500994035784
821,4,2.753021385590387,0.049702060461993144,13.904946653734239,1031,7168,0.013499948207508968
822,4,2.731733115404822,0.04719313688555092,13.894168466522679,926,6433,0.015020722666511003
823,4,2.6852275129960557,0.051543202923119195,15.877862595419847,1048,8320,0.01516510276544398
824,4,2.7626458845650346,0.04490732563530218,13.904109589041095,1022,7105,0.01361812888250842
825,4,2.667055465719411,0.05164691147054993,15.865546218487395,952,7552,0.016683013899566137
826,4,2.6802755657910624,0.05364398202256086,15.878557874762809,1054,8368,0.015079352207751954
827,4,2.6843352126842954,0.05016701366168989,15.875607385811467,1029,8168,0.015443197846120105
828,4,2.739092321323234,0.042010099359783455,13.89382448537378,923,6412,0.01506922395376766
829,5,3.2113573191748914,0.386547681531591,16.0,989,7912,0.016194331983805668
830,4,2.6762013604847,0.055066185047610926,15.877862595419847,1048,8320,0.015165102765443982
831,5,3.3499997880933914,0.3660160405569007,14.0,972,6804,0.014418125643666322
832,5,3.3594468358302847,0.376984727165861,14.0,964,6748,0.014537902388369677
833,4,2.6611982037531843,0.05606764053174735,15.869653767820774,982,7792,0.016177017092579793
834,5,3.40476140006265,0.4111919009682154,14.0,922,6454,0.015200868621064066
835,5,3.2335674523593263,0.3786935978802812,16.0,1055,8440,0.015180265654648957
836,5,3.3891080981629824,0.37074949460984546,14.0,1030,7210,0.013605442176870748
837,4,2.6657140711657497,0.05265648902253779,15.867494824016562,966,7664,0.016442999817633745
838,4,2.6879405687894993,0.05233262032349941,15.882460973370064,1089,8648,0.014597850159347487
839,5,3.314019954894174,0.3651921885847541,14.0,914,6398,0.015334063526834609
840,5,3.4134306727798625,0.39106264200671337,14.0,998,6986,0.014042126379137413
841,4,2.684648356178853,0.0532169526163607,15.881918819188192,1084,8608,0.014664744985399991
842,5,3.262977785729756,0.40128172521365746,16.0,1031,8248,0.015533980582524273
843,5,3.4677183473589124,0.41365814250706384,14.0,1026,7182,0.013658536585365859
844,5,3.3107484643167857,0.36469741006660567,14.0,914,6398,0.01533406352683461
845,4,2.6943994063441883,0.05072040580623992,15.882244710211591,1087,8632,0.01462453472395174
846,5,3.182205409933211,0.3718762022121059,16.0,948,7584,0.01689545934530095
847,5,3.4410637440266916,0.4255012005838607,14.0,927,6489,0.01511879049676026
848,4,2.7241332129272364,0.04978238873082625,13.895410885805763,937,6510,0.014845524450647185
849,4,2.7377152020828115,0.049778539643277504,13.898655635987591,967,6720,0.014387842273279081
850,5,3.367886738219735,0.37464175255403126,14.0,991,6937,0.01414141414141414
851,4,2.7233071040141428,0.049929157991417734,13.892661555312158,913,6342,0.01523318152994754
852,4,2.7276008210605287,0.050012843912472425,13.89428263214671,927,6440,0.01500462487272863
853,5,3.403023531015206,0.39731469137577735,14.0,962,6734,0.014568158168574402
854,5,3.127084017826303,0.39483091509713464,18.0,1090,9810,0.016528925619834708
855,4,2.6725281326768147,0.05074935188882831,15.867494824016562,966,7664,0.016442999817633742
856,5,3.3954927109211006,0.4045965813546167,14.0,912,6384,0.01536772777167947
857,5,3.3052452473853937,0.4183637899411313,16.0,1060,8480,0.015108593012275734
858,4,2.7249640868820015,0.054136871704212323,13.900709219858156,987,6860,0.014098082373081296
859,5,3.2326567231560603,0.3865418593503907,16.0,1023,8184,0.015655577299412915
860,4,2.6754602897301223,0.05151763971778502,15.875607385811467,1029,8168,0.015443197846120103
861,4,2.733251961195662,0.05061765057795486,13.89917695473251,972,6755,0.01431429140549177
862,5,3.262087124620871,0.38226107060217546,16.0,1096,8768,0.01461187214611872
863,4,2.722394805753847,0.04939080454586165,13.892896174863388,915,6356,0.015200105224139374
864,4,2.7106783741679648,0.053579613789925096,13.893593919652552,921,6398,0.01510173252136147
865,5,3.2208380408713406,0.3835632048981716,16.0,1005,8040,0.015936254980079674
866,4,2.7409304970016843,0.047994292171519765,13.898550724637682,966,6713,0.014402643237966507
867,5,3.386937805340704,0.3791022671615291,14.0,1017,7119,0.01377952755905512
868,5,3.3439597349161714,0.35305296604652286,14.0,998,6986,0.014042126379137413
869,5,3.2354665993888934,0.3825311024059173,16.0,1035,8280,0.01547388781431335
870,4,2.7645795359743444,0.047804526630777174,13.90558766859345,1038,7217,0.013409438446088186
871,5,3.365830187126333,0.37763974508647147,14.0,974,6818,0.01438848920863309
872,4,2.747393247269116,0.04800647685246445,13.902777777777779,1008,7007,0.013806134833940196
873,5,3.4197033560894816,0.40422539917618594,14.0,971,6797,0.01443298969072165
874,4,2.6850089974522064,0.051363323030501694,15.879245283018868,1060,8416,0.014994565895201956
875,5,3.227215819591854,0.3853519125900826,16.0,1014,8112,0.015794669299111545
876,5,3.288937887795212,0.42155424576435074,16.0,993,7944,0.016129032258064516
877,6,3.584885924885925,0.385964083787613,12.0,925,5550,0.012987012987012988
878,5,3.368812100369642,0.37422961254191367,14.0,986,6902,0.014213197969543147
879,5,3.3941792634272727,0.40498203603353056,14.0,939,6573,0.014925373134328354
880,5,3.4388326885916087,0.39711743263919563,14.0,1037,7259,0.013513513513513516
881,4,2.6822533932543466,0.05059496760877469,15.878095238095238,1050,8336,0.015136411094466383
882,4,2.7497513411105734,0.045850081085014545,13.900608519269777,986,6853,0.01411229291296424
883,4,2.68576410663768,0.048976296353954264,15.880597014925373,1072,8512,0.014827821675934055
884,5,3.3185936296497665,0.4235519135628276,16.0,1051,8408,0.01523809523809524
885,4,2.6780770942693777,0.05295586360164095,15.878557874762809,1054,8368,0.015079352207751955
886,5,3.405403148625126,0.39930440486019186,14.0,967,6769,0.014492753623188406
887,5,3.2446840371368673,0.3952196783407346,16.0,1008,8064,0.015888778550148957
888,4,2.7371219674310403,0.04909504597070308,13.902293120638086,1003,6972,0.013874544032572938
889,5,3.2524932592664784,0.408229457666617,16.0,993,7944,0.016129032258064516
890,4,2.678120342889476,0.05386855091209884,15.878557874762809,1054,8368,0.015079352207751954
891,4,2.670116872624105,0.056145768810147906,15.876567020250723,1037,8232,0.015324871641168651
892,5,3.2886525462597462,0.4127794830704959,16.0,1032,8256,0.015518913676042677
893,5,3.38415804336335,0.401900952339774,14.0,917,6419,0.015283842794759828
894,5,3.455001136074141,0.43174795811943517,14.0,934,6538,0.015005359056806002
895,5,3.2842762895813293,0.4188301262657284,16.0,1015,8120,0.015779092702169623
896,4,2.714996910147077,0.05264563060156121,13.891111111111112,900,6251,0.015451736497342725
897,5,3.364644210443649,0.382539602975625,14.0,958,6706,0.014629049111807737
898,4,2.6799223302439374,0.05157109138312595,15.875607385811467,1029,8168,0.015443197846120105
899,5,3.342946211331248,0.36416591953332544,14.0,960,6720,0.014598540145985406
900,5,3.4085171635742295,0.4021530770125277,14.0,956,6692,0.014659685863874347
901,4,2.6729850159611788,0.05260434890905665,15.877394636015326,1044,8288,0.015222813649103857
902,6,3.513219668890536,0.421164590822289,14.0,1065,7455,0.013157894736842106
903,4,2.6317930692319984,0.05519903778584106,17.851512373968834,1091,9738,0.016377534288044802
904,5,3.3643303212376403,0.3899113366535796,14.0,920,6440,0.01523394994559304
905,4,2.716696817092847,0.052118103120329794,13.89171270718232,905,6286,0.015366938835378671
906,5,3.3526787464143815,0.4409431528888705,16.0,1060,8480,0.01510859301227573
907,4,2.673991454815801,0.055316936935496136,15.87832699619772,1052,8352,0.015107827779445972
908,4,2.6614040217002892,0.05441966323640248,15.871097683786505,993,7880,0.015999090407042844
909,5,3.3897622343438236,0.4001076105807614,14.0,923,6461,0.015184381778741865
910,5,3.2709913307055434,0.41595721180424633,16.0,998,7984,0.0160481444332999
911,4,2.7377245072015617,0.04955220461527421,13.895410885805763,937,6510,0.014845524450647185
912,4,2.692261053615812,0.049677761755131784,15.877745940783191,1047,8312,0.015179489427134981
913,4,2.6912641692190893,0.047801692729474154,15.880485527544351,1071,8504,0.014841575259387245
914,4,2.7333638306272205,0.0520259562475953,13.899897854954034,979,6804,0.014212574493818032
915,5,3.35211688527312,0.381486243053178,14.0,951,6657,0.014736842105263158
916,4,2.7320403585531645,0.05205034656022759,13.898864809081527,969,6734,0.014358331414340422
917,5,3.2894633441371126,0.4147935306850237,16.0,1022,8176,0.015670910871694418
918,4,2.749273254270759,0.04887361394768857,13.899073120494336,971,6748,0.014328941361334366
919,5,3.2949357607881544,0.4169215068940037,16.0,1021,8168,0.01568627450980392
920,5,3.2556985439843564,0.38286368855385006,16.0,1066,8528,0.015023474178403756
921,4,2.733684537574528,0.052875515460452084,13.902874132804758,1009,7014,0.013792533861909482
922,5,3.523573806881243,0.3672138525732573,12.0,901,5406,0.013333333333333332
923,4,2.733325738094463,0.051943276514623195,13.901209677419354,992,6895,0.014027456788516
924,4,2.7314721957825117,0.05387628636768706,13.902970297029704,1010,7021,0.013778959660088906
925,4,2.715134720425059,0.05278423802056368,13.8951871657754,935,6496,0.014877074053292723
926,6,3.571403189808967,0.37966039966331855,12.0,907,5442,0.013245033112582781
927,4,2.7408692043163763,0.046138049502460025,13.895410885805763,937,6510,0.014845524450647185
928,4,2.667884092670912,0.05489774154600911,15.873267326732673,1010,8016,0.01573168218704923
929,4,2.67868155709281,0.05489864086684001,15.879359095193214,1061,8424,0.014980527448295486
930,5,3.204500983969996,0.3665348088918471,16.0,1034,8272,0.01548886737657309
931,4,2.7335091755486456,0.05024626416188503,13.896186440677965,944,6559,0.014736146808778331
932,5,3.250066422519029,0.3836869543687172,16.0,1056,8448,0.015165876777251187
933,4,2.76656177014332,0.042819670870145814,13.903732809430256,1018,7077,0.013671320363254922
934,5,3.3756530684063777,0.4024929784427084,14.0,902,6314,0.015538290788013321
935,5,3.3417245066762513,0.37298962883136116,14.0,947,6629,0.014799154334038056
936,5,3.450171080067163,0.41812066344416576,14.0,973,6811,0.014403292181069961
937,4,2.72970492234222,0.05077404897955305,13.897489539748953,956,6643,0.014552345067799953
938,4,2.6762092713510706,0.049674968762841824,15.871097683786505,993,7880,0.015999090407042848
939,4,2.6961855871551426,0.047262726975921564,15.877745940783191,1047,8312,0.015179489427134981
940,5,3.379054945054945,0.37907391794742906,14.0,1001,7007,0.014000000000000004
941,5,3.404168376684599,0.40036808314167,14.0,950,6650,0.014752370916754477
942,5,3.212490637783027,0.3798864902972004,16.0,1021,8168,0.01568627450980392
943,4,2.6668559896557142,0.05383657941571661,15.871614844533601,997,7912,0.01593535626961205
944,5,3.3733988857186135,0.3759976045457674,14.0,989,6923,0.01417004048582996
945,4,2.6798762877835154,0.05078670320190741,15.87426326129666,1018,8080,0.01560891176135365
946,4,2.6769881092153094,0.05115931323001058,15.873767258382642,1014,8048,0.015670056523576153
947,4,2.7186751233262862,0.05608932569884944,13.896405919661733,946,6573,0.014705191449377495
948,5,3.195823076312237,0.3631099851760299,16.0,1029,8232,0.01556420233463035
949,5,3.286451797031077,0.41301152187237405,16.0,1012,8096,0.015825914935707223
950,5,3.2340556197180517,0.3793172349826475,16.0,1045,8360,0.01532567049808429
951,4,2.7418209767102204,0.0511514365209279,13.904109589041095,1022,7105,0.013618128882508419
952,5,3.4292219604497163,0.421576832349742,14.0,914,6398,0.015334063526834609
953,5,3.2441972469419724,0.37495189265135126,16.0,1096,8768,0.014611872146118723
954,4,2.7340123205799154,0.049200819799386175,13.897596656217345,957,6650,0.014537234996043247
955,4,2.6954663236935184,0.04937492473163988,15.881371640407785,1079,8568,0.014732255696111116
956,5,3.2575880374773556,0.38092924792603505,16.0,1099,8792,0.014571948998178506
957,5,3.274871091180444,0.39580564729653106,16.0,1064,8512,0.015051740357478832
958,5,3.4262539041788638,0.4099708972313519,14.0,948,6636,0.01478352692713833
959,4,2.6538929029644134,0.06014288790371201,15.872509960159363,1004,7968,0.015825034855592585
960,4,2.818928763506576,0.04586238964274347,11.920441988950277,905,5394,0.013186329633794552
961,5,3.2590235856275616,0.3792325942768222,16.0,1085,8680,0.014760147601476014
962,5,3.4027662157474854,0.40124880641749006,14.0,961,6727,0.014583333333333334
963,4,2.6686056745659745,0.05400530457805405,15.870576339737108,989,7848,0.016063336376252135
964,4,2.740091783143447,0.04932291385128969,13.899692937563971,977,6790,0.014241488665536855
965,5,3.432478405811214,0.40978490077043234,14.0,983,6881,0.014256619144602849
966,5,3.3481776864611636,0.3603229816275891,14.0,994,6958,0.014098690835850958
967,4,2.6978404414281303,0.04671385304426524,15.88310502283105,1095,8696,0.014518377534580483
968,4,2.700707251659401,0.04750729983525853,15.881151346332405,1077,8552,0.014759434336740153
969,5,3.261834670113896,0.4013219863960789,16.0,1011,8088,0.01584158415841585
970,4,2.6787709603658536,0.05249404352608798,15.875121951219512,1025,8136,0.015503048780487805
971,4,2.732850664855747,0.05082573141662787,13.897489539748953,956,6643,0.014552345067799954
972,5,3.3705295489193796,0.3851030276476239,14.0,945,6615,0.01483050847457627
973,5,3.3985769601446494,0.39651858192987743,14.0,969,6783,0.014462809917355374
974,5,3.360507361306722,0.369181061318859,14.0,973,6811,0.014403292181069961
975,5,3.357332397332397,0.3838613966106235,14.0,925,6475,0.015151515151515152
976,4,2.759332241305676,0.045101019309793135,13.907020872865274,1054,7329,0.013207047362645087
977,4,2.6767564372272545,0.05171020231211698,15.87426326129666,1018,8080,0.015608911761353648
978,5,3.3950557186150285,0.40751841721961807,14.0,916,6412,0.015300546448087432
979,5,3.089576626670569,0.37794474241393744,18.0,1072,9648,0.01680672268907563
980,4,2.6801997367106996,0.05130793322733238,15.878095238095238,1050,8336,0.015136411094466385
981,5,3.3915114042969057,0.37832122235847554,14.0,1008,7056,0.013902681231380339
982,5,3.255197532697392,0.38147142095904124,16.0,1083,8664,0.014787430683918667
983,5,3.3947570021861395,0.38533167022736237,14.0,982,6874,0.014271151885830785
984,4,2.7470457154433117,0.04967938888945782,13.902390438247012,1004,6979,0.013860808014204397
985,5,3.268014293365861,0.4109387668384811,16.0,1012,8096,0.01582591493570722
986,5,3.317311542375185,0.42576035515477195,16.0,1044,8352,0.015340364333652925
987,4,2.6694796089818196,0.05270005258506753,15.872509960159363,1004,7968,0.015825034855592585
988,4,2.693867071659271,0.050957246557319785,15.882998171846435,1094,8688,0.014531562828770755
989,4,2.732635442865883,0.049929013155336564,13.895744680851063,940,6531,0.014798450139351507
990,4,2.669066199816029,0.05356062983536227,15.872763419483102,1006,7984,0.015793794447246864
991,5,3.3922722874227724,0.38638872046545003,14.0,984,6888,0.014242115971515767
992,4,2.670646742407508,0.05240009565279869,15.872382851445662,1003,7960,0.015840701448548565
993,4,2.674094648906845,0.05342002752464449,15.874877810361681,1023,8120,0.015533148542428259
994,4,2.716920370451142,0.05483580739471625,13.892189218921892,909,6314,0.01529976786224878
995,4,2.7278803063507713,0.0511524560374263,13.899795501022496,978,6797,0.01422701688948055
996,5,3.2692825942104093,0.40425122599576363,16.0,1040,8320,0.015399422521655439
997,5,3.2115318842372598,0.3660555041298759,16.0,1049,8392,0.015267175572519083
998,4,2.6775044955044955,0.051484389692241374,15.872127872127873,1001,7944,0.015872127872127873
999,4,2.6707704584764156,0.058214262763065974,15.878442545109213,1053,8360,0.015093576563792028
